sport_id,match_id,team_a,team_b,score_a,score_b,status,winner_id,court,scheduled_at
volley,QF1,A,H,,,未開始,,,
volley,QF2,B,G,,,未開始,,,
volley,QF3,C,F,,,未開始,,,
volley,QF4,D,E,,,未開始,,,
volley,SF1,,,,,未開始,,,
volley,SF2,,,,,未開始,,,
volley,FINAL,,,,,未開始,,,
volley,THIRD,,,,,未開始,,,
dodge,QF1,A,H,,,未開始,,,
dodge,QF2,B,G,,,未開始,,,
dodge,QF3,C,F,,,未開始,,,
dodge,QF4,D,E,,,未開始,,,
dodge,SF1,,,,,未開始,,,
dodge,SF2,,,,,未開始,,,
dodge,FINAL,,,,,未開始,,,
dodge,THIRD,,,,,未開始,,,
basket,QF1,A,H,,,未開始,,,
basket,QF2,B,G,,,未開始,,,
basket,QF3,C,F,,,未開始,,,
basket,QF4,D,E,,,未開始,,,
basket,SF1,,,,,未開始,,,
basket,SF2,,,,,未開始,,,
basket,FINAL,,,,,未開始,,,
basket,THIRD,,,,,未開始,,,
